collection,name,description,image_url,token_id,contract_address,last_sale_price,num_sales
hylor,,,,1,0x0a5298a50a8867876082a09a97019fa9cdf8fcbd,,0
you-member-44,,,,0,0xa23f7d2227949cad03bcc001d33590e59ea70657,,0
magicsquad-member,,,,0,0xf9e2f4ef6a2889226ccc12961530f8abde39088b,,0
bindtoss,,,,1,0x6b94a60f8451b831195d9a250b1689ee72de4c1e,,0
minvsart,,,,3,0x63f3bb9a762dcb6f52130b2e2bebb27b1fb0c03f,,0
minvsart,,,,2,0x63f3bb9a762dcb6f52130b2e2bebb27b1fb0c03f,,0
minvsart,,,,1,0x63f3bb9a762dcb6f52130b2e2bebb27b1fb0c03f,,0
0x589a94f2834e3fcf25a7f141be4c43d84c37c3b2,,,,253,0x589a94f2834e3fcf25a7f141be4c43d84c37c3b2,,0
treqo,,,,1,0x69da963a89bfea3f27df167258841aa05a940ba3,,0
beef-34,,,,1,0x2a6e121a8500fc6f055433f896fbebf1b4045f12,,0
rainbow-valley-member-7,,,,0,0x3c00f7a4c704992771122091d33c0561ea1b7a9a,,0
bec-3,,,,1,0xb94e59fa6a05f8725addd266586622ea08e531e0,,0
mars-251,,,,1,0x61481fa6cf2a02002dbee26e5d655c7a33f8f8dc,,0
mdsaikat-member-1,,,,0,0xf43315f74e086a6ef1d180f6886c21e7d3461b13,,0
railsteak,,,,1,0x0b08061bd0abcf9ec24b9a09d1c813526796cb55,,0
wagmi-member-48,,,,0,0xc7683efe7511cd28d3acd10da501e9ab01bd04c4,,0
zynox-1,,,,1,0x067c9655e5cfbf835473af36ed85a8c89dcf5991,,0
thesportists-s-open-editions-base,,,,0,0x7967105e34d6e2c91267b4c2d2ff2dc8f99c1d5f,,0
pc-and-parts-member,,,,0,0x74067e26f11a6e5a5550a6c53e95d8c88feba21d,,0
sharecigar,,,,1,0xa2f87a6a0a9c61b43bf2f68b42cea5ac73f2137a,,0
seriessolve,,,,1,0x87ec419350d7bdb31a995d436e1039b230231483,,0
shieldidea,,,,1,0x2dc8271fb529dcd920e38865faadc361624c39a8,,0
glint-5,,,,1,0x56d2aa4d96873a60044da887a156cf25d02bf63a,,0
feelbomb,,,,1,0x87692fba3065280c7a6d87c0e15b8066a67950c0,,0
pipi-member-5,,,,1,0xd79459d67af39f94effc060a412b506b569e5940,,0
pipi-member-5,,,,0,0xd79459d67af39f94effc060a412b506b569e5940,,0
loz18945891-43,,,,1260796606657118615090757633,0x3b6cea69efb3d814c7103466640e53c879b056f5,,0
loz18945891-43,,,,1260794706642479023006941185,0x3b6cea69efb3d814c7103466640e53c879b056f5,,0
party-memberships-kind-charger,,,,1,0x315dd55a2234612f309447b87c7c656b2c122f2a,,0
sphyn,,,,1,0xd23db5e8dda74e903eb3631670076481cf09c52f,,0
eightrecord,,,,1,0xa59f0a9a4a8121b3076821c8b7ab9cc675905a54,,0
succer-1,,,,1,0x06ed5d56189d4599c5e694176f0b8521ebc32a60,,0
bosu-22,,,,542,0x58b7247cc2e7429cf39d99a47327f1945ee9ac32,,0
bosu-22,,,,540,0x58b7247cc2e7429cf39d99a47327f1945ee9ac32,,0
bosu-22,,,,541,0x58b7247cc2e7429cf39d99a47327f1945ee9ac32,,0
bosu-22,,,,538,0x58b7247cc2e7429cf39d99a47327f1945ee9ac32,,0
bosu-22,,,,539,0x58b7247cc2e7429cf39d99a47327f1945ee9ac32,,0
bosu-22,,,,537,0x58b7247cc2e7429cf39d99a47327f1945ee9ac32,,0
bosu-22,,,,536,0x58b7247cc2e7429cf39d99a47327f1945ee9ac32,,0
bosu-22,,,,535,0x58b7247cc2e7429cf39d99a47327f1945ee9ac32,,0
bosu-22,,,,534,0x58b7247cc2e7429cf39d99a47327f1945ee9ac32,,0
bosu-22,,,,533,0x58b7247cc2e7429cf39d99a47327f1945ee9ac32,,0
bosu-22,,,,532,0x58b7247cc2e7429cf39d99a47327f1945ee9ac32,,0
bosu-22,,,,530,0x58b7247cc2e7429cf39d99a47327f1945ee9ac32,,0
bosu-22,,,,531,0x58b7247cc2e7429cf39d99a47327f1945ee9ac32,,0
bosu-22,,,,529,0x58b7247cc2e7429cf39d99a47327f1945ee9ac32,,0
bosu-22,,,,528,0x58b7247cc2e7429cf39d99a47327f1945ee9ac32,,0
hylor,,,,1,0x0a5298a50a8867876082a09a97019fa9cdf8fcbd,,0
you-member-44,,,,0,0xa23f7d2227949cad03bcc001d33590e59ea70657,,0
cakeput,,,,1,0xf1f9df6ba387c48313e9844a3d1a1ed1b8aebdb7,,0
glowdrum,,,,1,0x00d88ab7ffafe5aa05bff848b29113d9a0a97d8d,,0
magicsquad-member,,,,0,0xf9e2f4ef6a2889226ccc12961530f8abde39088b,,0
bindtoss,,,,1,0x6b94a60f8451b831195d9a250b1689ee72de4c1e,,0
minvsart,,,,3,0x63f3bb9a762dcb6f52130b2e2bebb27b1fb0c03f,,0
minvsart,,,,2,0x63f3bb9a762dcb6f52130b2e2bebb27b1fb0c03f,,0
minvsart,,,,1,0x63f3bb9a762dcb6f52130b2e2bebb27b1fb0c03f,,0
0x589a94f2834e3fcf25a7f141be4c43d84c37c3b2,,,,253,0x589a94f2834e3fcf25a7f141be4c43d84c37c3b2,,0
treqo,,,,1,0x69da963a89bfea3f27df167258841aa05a940ba3,,0
beef-34,,,,1,0x2a6e121a8500fc6f055433f896fbebf1b4045f12,,0
rainbow-valley-member-7,,,,0,0x3c00f7a4c704992771122091d33c0561ea1b7a9a,,0
bec-3,,,,1,0xb94e59fa6a05f8725addd266586622ea08e531e0,,0
mars-251,,,,1,0x61481fa6cf2a02002dbee26e5d655c7a33f8f8dc,,0
mdsaikat-member-1,,,,0,0xf43315f74e086a6ef1d180f6886c21e7d3461b13,,0
railsteak,,,,1,0x0b08061bd0abcf9ec24b9a09d1c813526796cb55,,0
wagmi-member-48,,,,0,0xc7683efe7511cd28d3acd10da501e9ab01bd04c4,,0
zynox-1,,,,1,0x067c9655e5cfbf835473af36ed85a8c89dcf5991,,0
thesportists-s-open-editions-base,,,,0,0x7967105e34d6e2c91267b4c2d2ff2dc8f99c1d5f,,0
pc-and-parts-member,,,,0,0x74067e26f11a6e5a5550a6c53e95d8c88feba21d,,0
sharecigar,,,,1,0xa2f87a6a0a9c61b43bf2f68b42cea5ac73f2137a,,0
seriessolve,,,,1,0x87ec419350d7bdb31a995d436e1039b230231483,,0
shieldidea,,,,1,0x2dc8271fb529dcd920e38865faadc361624c39a8,,0
glint-5,,,,1,0x56d2aa4d96873a60044da887a156cf25d02bf63a,,0
feelbomb,,,,1,0x87692fba3065280c7a6d87c0e15b8066a67950c0,,0
pipi-member-5,,,,1,0xd79459d67af39f94effc060a412b506b569e5940,,0
pipi-member-5,,,,0,0xd79459d67af39f94effc060a412b506b569e5940,,0
loz18945891-43,,,,1260796606657118615090757633,0x3b6cea69efb3d814c7103466640e53c879b056f5,,0
loz18945891-43,,,,1260794706642479023006941185,0x3b6cea69efb3d814c7103466640e53c879b056f5,,0
party-memberships-kind-charger,,,,1,0x315dd55a2234612f309447b87c7c656b2c122f2a,,0
sphyn,,,,1,0xd23db5e8dda74e903eb3631670076481cf09c52f,,0
eightrecord,,,,1,0xa59f0a9a4a8121b3076821c8b7ab9cc675905a54,,0
succer-1,,,,1,0x06ed5d56189d4599c5e694176f0b8521ebc32a60,,0
bosu-22,,,,999,0x58b7247cc2e7429cf39d99a47327f1945ee9ac32,,0
bosu-22,,,,1000,0x58b7247cc2e7429cf39d99a47327f1945ee9ac32,,0
bosu-22,,,,998,0x58b7247cc2e7429cf39d99a47327f1945ee9ac32,,0
bosu-22,,,,997,0x58b7247cc2e7429cf39d99a47327f1945ee9ac32,,0
bosu-22,,,,995,0x58b7247cc2e7429cf39d99a47327f1945ee9ac32,,0
bosu-22,,,,993,0x58b7247cc2e7429cf39d99a47327f1945ee9ac32,,0
bosu-22,,,,996,0x58b7247cc2e7429cf39d99a47327f1945ee9ac32,,0
bosu-22,,,,994,0x58b7247cc2e7429cf39d99a47327f1945ee9ac32,,0
bosu-22,,,,992,0x58b7247cc2e7429cf39d99a47327f1945ee9ac32,,0
bosu-22,,,,991,0x58b7247cc2e7429cf39d99a47327f1945ee9ac32,,0
bosu-22,,,,990,0x58b7247cc2e7429cf39d99a47327f1945ee9ac32,,0
bosu-22,,,,989,0x58b7247cc2e7429cf39d99a47327f1945ee9ac32,,0
bosu-22,,,,987,0x58b7247cc2e7429cf39d99a47327f1945ee9ac32,,0
bosu-22,,,,988,0x58b7247cc2e7429cf39d99a47327f1945ee9ac32,,0
bosu-22,,,,986,0x58b7247cc2e7429cf39d99a47327f1945ee9ac32,,0
hylor,,,,1,0x0a5298a50a8867876082a09a97019fa9cdf8fcbd,,0
you-member-44,,,,0,0xa23f7d2227949cad03bcc001d33590e59ea70657,,0
cakeput,,,,1,0xf1f9df6ba387c48313e9844a3d1a1ed1b8aebdb7,,0
glowdrum,,,,1,0x00d88ab7ffafe5aa05bff848b29113d9a0a97d8d,,0
magicsquad-member,,,,1,0xf9e2f4ef6a2889226ccc12961530f8abde39088b,,0
magicsquad-member,,,,0,0xf9e2f4ef6a2889226ccc12961530f8abde39088b,,0
bindtoss,,,,1,0x6b94a60f8451b831195d9a250b1689ee72de4c1e,,0
minvsart,,,,3,0x63f3bb9a762dcb6f52130b2e2bebb27b1fb0c03f,,0
minvsart,,,,2,0x63f3bb9a762dcb6f52130b2e2bebb27b1fb0c03f,,0
minvsart,,,,1,0x63f3bb9a762dcb6f52130b2e2bebb27b1fb0c03f,,0
0x589a94f2834e3fcf25a7f141be4c43d84c37c3b2,,,,253,0x589a94f2834e3fcf25a7f141be4c43d84c37c3b2,,0
treqo,,,,1,0x69da963a89bfea3f27df167258841aa05a940ba3,,0
beef-34,,,,1,0x2a6e121a8500fc6f055433f896fbebf1b4045f12,,0
rainbow-valley-member-7,,,,0,0x3c00f7a4c704992771122091d33c0561ea1b7a9a,,0
bec-3,,,,1,0xb94e59fa6a05f8725addd266586622ea08e531e0,,0
mars-251,,,,1,0x61481fa6cf2a02002dbee26e5d655c7a33f8f8dc,,0
mdsaikat-member-1,,,,0,0xf43315f74e086a6ef1d180f6886c21e7d3461b13,,0
railsteak,,,,1,0x0b08061bd0abcf9ec24b9a09d1c813526796cb55,,0
wagmi-member-48,,,,0,0xc7683efe7511cd28d3acd10da501e9ab01bd04c4,,0
zynox-1,,,,1,0x067c9655e5cfbf835473af36ed85a8c89dcf5991,,0
thesportists-s-open-editions-base,,,,0,0x7967105e34d6e2c91267b4c2d2ff2dc8f99c1d5f,,0
pc-and-parts-member,,,,0,0x74067e26f11a6e5a5550a6c53e95d8c88feba21d,,0
sharecigar,,,,1,0xa2f87a6a0a9c61b43bf2f68b42cea5ac73f2137a,,0
seriessolve,,,,1,0x87ec419350d7bdb31a995d436e1039b230231483,,0
shieldidea,,,,1,0x2dc8271fb529dcd920e38865faadc361624c39a8,,0
glint-5,,,,1,0x56d2aa4d96873a60044da887a156cf25d02bf63a,,0
feelbomb,,,,1,0x87692fba3065280c7a6d87c0e15b8066a67950c0,,0
pipi-member-5,,,,1,0xd79459d67af39f94effc060a412b506b569e5940,,0
pipi-member-5,,,,0,0xd79459d67af39f94effc060a412b506b569e5940,,0
loz18945891-43,,,,1260796606657118615090757633,0x3b6cea69efb3d814c7103466640e53c879b056f5,,0
loz18945891-43,,,,1260794706642479023006941185,0x3b6cea69efb3d814c7103466640e53c879b056f5,,0
party-memberships-kind-charger,,,,1,0x315dd55a2234612f309447b87c7c656b2c122f2a,,0
sphyn,,,,1,0xd23db5e8dda74e903eb3631670076481cf09c52f,,0
bashmack,,,,1,0xa6ab3b68b4ac8d7dd88fb25c1fdb43c80fd41755,,0
eightrecord,,,,1,0xa59f0a9a4a8121b3076821c8b7ab9cc675905a54,,0
succer-1,,,,1,0x06ed5d56189d4599c5e694176f0b8521ebc32a60,,0
bosu-22,,,,999,0x58b7247cc2e7429cf39d99a47327f1945ee9ac32,,0
bosu-22,,,,1000,0x58b7247cc2e7429cf39d99a47327f1945ee9ac32,,0
bosu-22,,,,998,0x58b7247cc2e7429cf39d99a47327f1945ee9ac32,,0
bosu-22,,,,997,0x58b7247cc2e7429cf39d99a47327f1945ee9ac32,,0
bosu-22,,,,995,0x58b7247cc2e7429cf39d99a47327f1945ee9ac32,,0
bosu-22,,,,993,0x58b7247cc2e7429cf39d99a47327f1945ee9ac32,,0
bosu-22,,,,996,0x58b7247cc2e7429cf39d99a47327f1945ee9ac32,,0
bosu-22,,,,994,0x58b7247cc2e7429cf39d99a47327f1945ee9ac32,,0
bosu-22,,,,992,0x58b7247cc2e7429cf39d99a47327f1945ee9ac32,,0
bosu-22,,,,991,0x58b7247cc2e7429cf39d99a47327f1945ee9ac32,,0
bosu-22,,,,990,0x58b7247cc2e7429cf39d99a47327f1945ee9ac32,,0
bosu-22,,,,989,0x58b7247cc2e7429cf39d99a47327f1945ee9ac32,,0
bosu-22,,,,987,0x58b7247cc2e7429cf39d99a47327f1945ee9ac32,,0
bosu-22,,,,988,0x58b7247cc2e7429cf39d99a47327f1945ee9ac32,,0
bosu-22,,,,986,0x58b7247cc2e7429cf39d99a47327f1945ee9ac32,,0
eth-852,,,,1,0x8ac429cffcf5c4afb95d81916db7996d5531bbd9,,0
hylor,,,,1,0x0a5298a50a8867876082a09a97019fa9cdf8fcbd,,0
you-member-44,,,,0,0xa23f7d2227949cad03bcc001d33590e59ea70657,,0
cakeput,,,,1,0xf1f9df6ba387c48313e9844a3d1a1ed1b8aebdb7,,0
glowdrum,,,,1,0x00d88ab7ffafe5aa05bff848b29113d9a0a97d8d,,0
magicsquad-member,,,,1,0xf9e2f4ef6a2889226ccc12961530f8abde39088b,,0
magicsquad-member,,,,0,0xf9e2f4ef6a2889226ccc12961530f8abde39088b,,0
bindtoss,,,,1,0x6b94a60f8451b831195d9a250b1689ee72de4c1e,,0
minvsart,,,,3,0x63f3bb9a762dcb6f52130b2e2bebb27b1fb0c03f,,0
minvsart,,,,2,0x63f3bb9a762dcb6f52130b2e2bebb27b1fb0c03f,,0
minvsart,,,,1,0x63f3bb9a762dcb6f52130b2e2bebb27b1fb0c03f,,0
0x589a94f2834e3fcf25a7f141be4c43d84c37c3b2,,,,253,0x589a94f2834e3fcf25a7f141be4c43d84c37c3b2,,0
treqo,,,,1,0x69da963a89bfea3f27df167258841aa05a940ba3,,0
beef-34,,,,1,0x2a6e121a8500fc6f055433f896fbebf1b4045f12,,0
rainbow-valley-member-7,,,,0,0x3c00f7a4c704992771122091d33c0561ea1b7a9a,,0
bec-3,,,,1,0xb94e59fa6a05f8725addd266586622ea08e531e0,,0
mars-251,,,,1,0x61481fa6cf2a02002dbee26e5d655c7a33f8f8dc,,0
mdsaikat-member-1,,,,0,0xf43315f74e086a6ef1d180f6886c21e7d3461b13,,0
railsteak,,,,1,0x0b08061bd0abcf9ec24b9a09d1c813526796cb55,,0
wagmi-member-48,,,,0,0xc7683efe7511cd28d3acd10da501e9ab01bd04c4,,0
zynox-1,,,,1,0x067c9655e5cfbf835473af36ed85a8c89dcf5991,,0
thesportists-s-open-editions-base,,,,0,0x7967105e34d6e2c91267b4c2d2ff2dc8f99c1d5f,,0
pc-and-parts-member,,,,0,0x74067e26f11a6e5a5550a6c53e95d8c88feba21d,,0
sharecigar,,,,1,0xa2f87a6a0a9c61b43bf2f68b42cea5ac73f2137a,,0
seriessolve,,,,1,0x87ec419350d7bdb31a995d436e1039b230231483,,0
shieldidea,,,,1,0x2dc8271fb529dcd920e38865faadc361624c39a8,,0
glint-5,,,,1,0x56d2aa4d96873a60044da887a156cf25d02bf63a,,0
feelbomb,,,,1,0x87692fba3065280c7a6d87c0e15b8066a67950c0,,0
pipi-member-5,,,,1,0xd79459d67af39f94effc060a412b506b569e5940,,0
pipi-member-5,,,,0,0xd79459d67af39f94effc060a412b506b569e5940,,0
loz18945891-43,,,,1260796606657118615090757633,0x3b6cea69efb3d814c7103466640e53c879b056f5,,0
loz18945891-43,,,,1260794706642479023006941185,0x3b6cea69efb3d814c7103466640e53c879b056f5,,0
party-memberships-kind-charger,,,,1,0x315dd55a2234612f309447b87c7c656b2c122f2a,,0
sphyn,,,,1,0xd23db5e8dda74e903eb3631670076481cf09c52f,,0
bashmack,,,,1,0xa6ab3b68b4ac8d7dd88fb25c1fdb43c80fd41755,,0
eightrecord,,,,1,0xa59f0a9a4a8121b3076821c8b7ab9cc675905a54,,0
digital-flow,,,,1,0x291ab58047a1387d58f93f6005b960dd1ac4d1fc,,0
succer-1,,,,1,0x06ed5d56189d4599c5e694176f0b8521ebc32a60,,0
bosu-22,,,,999,0x58b7247cc2e7429cf39d99a47327f1945ee9ac32,,0
bosu-22,,,,1000,0x58b7247cc2e7429cf39d99a47327f1945ee9ac32,,0
bosu-22,,,,998,0x58b7247cc2e7429cf39d99a47327f1945ee9ac32,,0
bosu-22,,,,997,0x58b7247cc2e7429cf39d99a47327f1945ee9ac32,,0
bosu-22,,,,995,0x58b7247cc2e7429cf39d99a47327f1945ee9ac32,,0
bosu-22,,,,993,0x58b7247cc2e7429cf39d99a47327f1945ee9ac32,,0
bosu-22,,,,996,0x58b7247cc2e7429cf39d99a47327f1945ee9ac32,,0
bosu-22,,,,994,0x58b7247cc2e7429cf39d99a47327f1945ee9ac32,,0
bosu-22,,,,992,0x58b7247cc2e7429cf39d99a47327f1945ee9ac32,,0
bosu-22,,,,991,0x58b7247cc2e7429cf39d99a47327f1945ee9ac32,,0
bosu-22,,,,990,0x58b7247cc2e7429cf39d99a47327f1945ee9ac32,,0
bosu-22,,,,989,0x58b7247cc2e7429cf39d99a47327f1945ee9ac32,,0
bosu-22,,,,987,0x58b7247cc2e7429cf39d99a47327f1945ee9ac32,,0
bosu-22,,,,988,0x58b7247cc2e7429cf39d99a47327f1945ee9ac32,,0
bosu-22,,,,986,0x58b7247cc2e7429cf39d99a47327f1945ee9ac32,,0
eth-852,,,,1,0x8ac429cffcf5c4afb95d81916db7996d5531bbd9,,0
hylor,,,,1,0x0a5298a50a8867876082a09a97019fa9cdf8fcbd,,0
you-member-44,,,,0,0xa23f7d2227949cad03bcc001d33590e59ea70657,,0
pepe-1116,,,,8,0x6aabb466fdbb4bc74b7e1e43e09cc1cb2db1f037,,0
pepe-1116,,,,9,0x6aabb466fdbb4bc74b7e1e43e09cc1cb2db1f037,,0
pepe-1116,,,,7,0x6aabb466fdbb4bc74b7e1e43e09cc1cb2db1f037,,0
pepe-1116,,,,1,0x6aabb466fdbb4bc74b7e1e43e09cc1cb2db1f037,,0
pepe-1116,,,,5,0x6aabb466fdbb4bc74b7e1e43e09cc1cb2db1f037,,0
pepe-1116,,,,10,0x6aabb466fdbb4bc74b7e1e43e09cc1cb2db1f037,,0
pepe-1116,,,,4,0x6aabb466fdbb4bc74b7e1e43e09cc1cb2db1f037,,0
pepe-1116,,,,3,0x6aabb466fdbb4bc74b7e1e43e09cc1cb2db1f037,,0
pepe-1116,,,,6,0x6aabb466fdbb4bc74b7e1e43e09cc1cb2db1f037,,0
pepe-1116,,,,2,0x6aabb466fdbb4bc74b7e1e43e09cc1cb2db1f037,,0
cakeput,,,,1,0xf1f9df6ba387c48313e9844a3d1a1ed1b8aebdb7,,0
glowdrum,,,,1,0x00d88ab7ffafe5aa05bff848b29113d9a0a97d8d,,0
magicsquad-member,,,,1,0xf9e2f4ef6a2889226ccc12961530f8abde39088b,,0
magicsquad-member,,,,0,0xf9e2f4ef6a2889226ccc12961530f8abde39088b,,0
bindtoss,,,,1,0x6b94a60f8451b831195d9a250b1689ee72de4c1e,,0
minvsart,,,,3,0x63f3bb9a762dcb6f52130b2e2bebb27b1fb0c03f,,0
minvsart,,,,2,0x63f3bb9a762dcb6f52130b2e2bebb27b1fb0c03f,,0
minvsart,,,,1,0x63f3bb9a762dcb6f52130b2e2bebb27b1fb0c03f,,0
0x589a94f2834e3fcf25a7f141be4c43d84c37c3b2,,,,253,0x589a94f2834e3fcf25a7f141be4c43d84c37c3b2,,0
treqo,,,,1,0x69da963a89bfea3f27df167258841aa05a940ba3,,0
beef-34,,,,1,0x2a6e121a8500fc6f055433f896fbebf1b4045f12,,0
rainbow-valley-member-7,,,,0,0x3c00f7a4c704992771122091d33c0561ea1b7a9a,,0
bec-3,,,,1,0xb94e59fa6a05f8725addd266586622ea08e531e0,,0
mars-251,,,,1,0x61481fa6cf2a02002dbee26e5d655c7a33f8f8dc,,0
mdsaikat-member-1,,,,0,0xf43315f74e086a6ef1d180f6886c21e7d3461b13,,0
railsteak,,,,1,0x0b08061bd0abcf9ec24b9a09d1c813526796cb55,,0
wagmi-member-48,,,,0,0xc7683efe7511cd28d3acd10da501e9ab01bd04c4,,0
zynox-1,,,,1,0x067c9655e5cfbf835473af36ed85a8c89dcf5991,,0
thesportists-s-open-editions-base,,,,0,0x7967105e34d6e2c91267b4c2d2ff2dc8f99c1d5f,,0
pc-and-parts-member,,,,0,0x74067e26f11a6e5a5550a6c53e95d8c88feba21d,,0
sharecigar,,,,1,0xa2f87a6a0a9c61b43bf2f68b42cea5ac73f2137a,,0
seriessolve,,,,1,0x87ec419350d7bdb31a995d436e1039b230231483,,0
shieldidea,,,,1,0x2dc8271fb529dcd920e38865faadc361624c39a8,,0
glint-5,,,,1,0x56d2aa4d96873a60044da887a156cf25d02bf63a,,0
feelbomb,,,,1,0x87692fba3065280c7a6d87c0e15b8066a67950c0,,0
pipi-member-5,,,,1,0xd79459d67af39f94effc060a412b506b569e5940,,0
pipi-member-5,,,,0,0xd79459d67af39f94effc060a412b506b569e5940,,0
loz18945891-43,,,,1260796606657118615090757633,0x3b6cea69efb3d814c7103466640e53c879b056f5,,0
loz18945891-43,,,,1260794706642479023006941185,0x3b6cea69efb3d814c7103466640e53c879b056f5,,0
party-memberships-kind-charger,,,,1,0x315dd55a2234612f309447b87c7c656b2c122f2a,,0
sphyn,,,,1,0xd23db5e8dda74e903eb3631670076481cf09c52f,,0
bashmack,,,,1,0xa6ab3b68b4ac8d7dd88fb25c1fdb43c80fd41755,,0
eightrecord,,,,1,0xa59f0a9a4a8121b3076821c8b7ab9cc675905a54,,0
digital-flow,,,,1,0x291ab58047a1387d58f93f6005b960dd1ac4d1fc,,0
succer-1,,,,1,0x06ed5d56189d4599c5e694176f0b8521ebc32a60,,0
bosu-22,,,,999,0x58b7247cc2e7429cf39d99a47327f1945ee9ac32,,0
bosu-22,,,,1000,0x58b7247cc2e7429cf39d99a47327f1945ee9ac32,,0
bosu-22,,,,998,0x58b7247cc2e7429cf39d99a47327f1945ee9ac32,,0
bosu-22,,,,997,0x58b7247cc2e7429cf39d99a47327f1945ee9ac32,,0
bosu-22,,,,995,0x58b7247cc2e7429cf39d99a47327f1945ee9ac32,,0
bosu-22,,,,993,0x58b7247cc2e7429cf39d99a47327f1945ee9ac32,,0
bosu-22,,,,996,0x58b7247cc2e7429cf39d99a47327f1945ee9ac32,,0
bosu-22,,,,994,0x58b7247cc2e7429cf39d99a47327f1945ee9ac32,,0
bosu-22,,,,992,0x58b7247cc2e7429cf39d99a47327f1945ee9ac32,,0
bosu-22,,,,991,0x58b7247cc2e7429cf39d99a47327f1945ee9ac32,,0
bosu-22,,,,990,0x58b7247cc2e7429cf39d99a47327f1945ee9ac32,,0
bosu-22,,,,989,0x58b7247cc2e7429cf39d99a47327f1945ee9ac32,,0
bosu-22,,,,987,0x58b7247cc2e7429cf39d99a47327f1945ee9ac32,,0
bosu-22,,,,988,0x58b7247cc2e7429cf39d99a47327f1945ee9ac32,,0
bosu-22,,,,986,0x58b7247cc2e7429cf39d99a47327f1945ee9ac32,,0
eth-852,,,,1,0x8ac429cffcf5c4afb95d81916db7996d5531bbd9,,0
hylor,,,,1,0x0a5298a50a8867876082a09a97019fa9cdf8fcbd,,0
you-member-44,,,,0,0xa23f7d2227949cad03bcc001d33590e59ea70657,,0
pepe-1116,,,,8,0x6aabb466fdbb4bc74b7e1e43e09cc1cb2db1f037,,0
pepe-1116,,,,9,0x6aabb466fdbb4bc74b7e1e43e09cc1cb2db1f037,,0
pepe-1116,,,,7,0x6aabb466fdbb4bc74b7e1e43e09cc1cb2db1f037,,0
pepe-1116,,,,1,0x6aabb466fdbb4bc74b7e1e43e09cc1cb2db1f037,,0
pepe-1116,,,,5,0x6aabb466fdbb4bc74b7e1e43e09cc1cb2db1f037,,0
pepe-1116,,,,10,0x6aabb466fdbb4bc74b7e1e43e09cc1cb2db1f037,,0
pepe-1116,,,,4,0x6aabb466fdbb4bc74b7e1e43e09cc1cb2db1f037,,0
pepe-1116,,,,3,0x6aabb466fdbb4bc74b7e1e43e09cc1cb2db1f037,,0
pepe-1116,,,,6,0x6aabb466fdbb4bc74b7e1e43e09cc1cb2db1f037,,0
pepe-1116,,,,2,0x6aabb466fdbb4bc74b7e1e43e09cc1cb2db1f037,,0
cakeput,,,,1,0xf1f9df6ba387c48313e9844a3d1a1ed1b8aebdb7,,0
glowdrum,,,,1,0x00d88ab7ffafe5aa05bff848b29113d9a0a97d8d,,0
magicsquad-member,,,,1,0xf9e2f4ef6a2889226ccc12961530f8abde39088b,,0
magicsquad-member,,,,0,0xf9e2f4ef6a2889226ccc12961530f8abde39088b,,0
bindtoss,,,,1,0x6b94a60f8451b831195d9a250b1689ee72de4c1e,,0
minvsart,,,,3,0x63f3bb9a762dcb6f52130b2e2bebb27b1fb0c03f,,0
minvsart,,,,2,0x63f3bb9a762dcb6f52130b2e2bebb27b1fb0c03f,,0
minvsart,,,,1,0x63f3bb9a762dcb6f52130b2e2bebb27b1fb0c03f,,0
0x589a94f2834e3fcf25a7f141be4c43d84c37c3b2,,,,253,0x589a94f2834e3fcf25a7f141be4c43d84c37c3b2,,0
treqo,,,,1,0x69da963a89bfea3f27df167258841aa05a940ba3,,0
beef-34,,,,1,0x2a6e121a8500fc6f055433f896fbebf1b4045f12,,0
rainbow-valley-member-7,,,,0,0x3c00f7a4c704992771122091d33c0561ea1b7a9a,,0
bec-3,,,,1,0xb94e59fa6a05f8725addd266586622ea08e531e0,,0
ms-58,,,,1270,0xc24abc73ee56b1245f2d26dbadbf9c419785675d,,0
ms-58,,,,1265,0xc24abc73ee56b1245f2d26dbadbf9c419785675d,,0
ms-58,,,,1268,0xc24abc73ee56b1245f2d26dbadbf9c419785675d,,0
ms-58,,,,1269,0xc24abc73ee56b1245f2d26dbadbf9c419785675d,,0
ms-58,,,,1267,0xc24abc73ee56b1245f2d26dbadbf9c419785675d,,0
ms-58,,,,1266,0xc24abc73ee56b1245f2d26dbadbf9c419785675d,,0
ms-58,,,,1264,0xc24abc73ee56b1245f2d26dbadbf9c419785675d,,0
ms-58,,,,1263,0xc24abc73ee56b1245f2d26dbadbf9c419785675d,,0
ms-58,,,,1262,0xc24abc73ee56b1245f2d26dbadbf9c419785675d,,0
ms-58,,,,1260,0xc24abc73ee56b1245f2d26dbadbf9c419785675d,,0
ms-58,,,,1261,0xc24abc73ee56b1245f2d26dbadbf9c419785675d,,0
ms-58,,,,1257,0xc24abc73ee56b1245f2d26dbadbf9c419785675d,,0
ms-58,,,,1256,0xc24abc73ee56b1245f2d26dbadbf9c419785675d,,0
ms-58,,,,1258,0xc24abc73ee56b1245f2d26dbadbf9c419785675d,,0
ms-58,,,,1259,0xc24abc73ee56b1245f2d26dbadbf9c419785675d,,0
mars-251,,,,1,0x61481fa6cf2a02002dbee26e5d655c7a33f8f8dc,,0
mdsaikat-member-1,,,,0,0xf43315f74e086a6ef1d180f6886c21e7d3461b13,,0
railsteak,,,,1,0x0b08061bd0abcf9ec24b9a09d1c813526796cb55,,0
wagmi-member-48,,,,0,0xc7683efe7511cd28d3acd10da501e9ab01bd04c4,,0
zynox-1,,,,1,0x067c9655e5cfbf835473af36ed85a8c89dcf5991,,0
thesportists-s-open-editions-base,,,,0,0x7967105e34d6e2c91267b4c2d2ff2dc8f99c1d5f,,0
pc-and-parts-member,,,,0,0x74067e26f11a6e5a5550a6c53e95d8c88feba21d,,0
sharecigar,,,,1,0xa2f87a6a0a9c61b43bf2f68b42cea5ac73f2137a,,0
seriessolve,,,,1,0x87ec419350d7bdb31a995d436e1039b230231483,,0
shieldidea,,,,1,0x2dc8271fb529dcd920e38865faadc361624c39a8,,0
glint-5,,,,1,0x56d2aa4d96873a60044da887a156cf25d02bf63a,,0
feelbomb,,,,1,0x87692fba3065280c7a6d87c0e15b8066a67950c0,,0
pipi-member-5,,,,1,0xd79459d67af39f94effc060a412b506b569e5940,,0
pipi-member-5,,,,0,0xd79459d67af39f94effc060a412b506b569e5940,,0
loz18945891-43,,,,1260796606657118615090757633,0x3b6cea69efb3d814c7103466640e53c879b056f5,,0
loz18945891-43,,,,1260794706642479023006941185,0x3b6cea69efb3d814c7103466640e53c879b056f5,,0
party-memberships-kind-charger,,,,1,0x315dd55a2234612f309447b87c7c656b2c122f2a,,0
sphyn,,,,1,0xd23db5e8dda74e903eb3631670076481cf09c52f,,0
bashmack,,,,1,0xa6ab3b68b4ac8d7dd88fb25c1fdb43c80fd41755,,0
eightrecord,,,,1,0xa59f0a9a4a8121b3076821c8b7ab9cc675905a54,,0
digital-flow,,,,1,0x291ab58047a1387d58f93f6005b960dd1ac4d1fc,,0
succer-1,,,,1,0x06ed5d56189d4599c5e694176f0b8521ebc32a60,,0
bosu-22,,,,999,0x58b7247cc2e7429cf39d99a47327f1945ee9ac32,,0
bosu-22,,,,1000,0x58b7247cc2e7429cf39d99a47327f1945ee9ac32,,0
bosu-22,,,,998,0x58b7247cc2e7429cf39d99a47327f1945ee9ac32,,0
bosu-22,,,,997,0x58b7247cc2e7429cf39d99a47327f1945ee9ac32,,0
bosu-22,,,,995,0x58b7247cc2e7429cf39d99a47327f1945ee9ac32,,0
bosu-22,,,,993,0x58b7247cc2e7429cf39d99a47327f1945ee9ac32,,0
bosu-22,,,,996,0x58b7247cc2e7429cf39d99a47327f1945ee9ac32,,0
bosu-22,,,,994,0x58b7247cc2e7429cf39d99a47327f1945ee9ac32,,0
bosu-22,,,,992,0x58b7247cc2e7429cf39d99a47327f1945ee9ac32,,0
bosu-22,,,,991,0x58b7247cc2e7429cf39d99a47327f1945ee9ac32,,0
bosu-22,,,,990,0x58b7247cc2e7429cf39d99a47327f1945ee9ac32,,0
bosu-22,,,,989,0x58b7247cc2e7429cf39d99a47327f1945ee9ac32,,0
bosu-22,,,,987,0x58b7247cc2e7429cf39d99a47327f1945ee9ac32,,0
bosu-22,,,,988,0x58b7247cc2e7429cf39d99a47327f1945ee9ac32,,0
bosu-22,,,,986,0x58b7247cc2e7429cf39d99a47327f1945ee9ac32,,0
eth-852,,,,1,0x8ac429cffcf5c4afb95d81916db7996d5531bbd9,,0
